id,nome,endereco_busca,bairro,tema,preco,descricao,lat,lng
vleminckx-gastronomia,Vleminckx,"Vleminckx Sausmeesters, Voetboogstraat, Amsterdam",Centrum,Gastronomia e cafés,€,"Batata frita em cone, clássico",,
van-stapele-gastronomia,Van Stapele,"Van Stapele Koekmakerij, Heisteeg, Amsterdam",Centrum,Gastronomia e cafés,€,"Um único cookie de chocolate, sempre com fila",,
cafe-de-klos-gastronomia,Café de Klos,"Café de Klos, Kerkstraat, Amsterdam",Centrum,Gastronomia e cafés,€€,Costela na brasa em clima de boteco,,
wertheimpark-parques,Wertheimpark,"Wertheimpark, Amsterdam",Centrum,Parques e dog-friendly,grátis,"Pequeno, ao lado do Hortus; volta curta com o Jorge",,
negen-straatjes-lojas,Negen Straatjes,"De Negen Straatjes, Amsterdam",Centrum,Lojas e design,€€,"Ruelas de lojas independentes, vintage e design",,
american-book-center-lojas,American Book Center,"American Book Center, Spui, Amsterdam",Centrum,Lojas e design,€€,Livraria no Spui,,
waterlooplein-feiras,Waterlooplein,"Waterlooplein Markt, Amsterdam",Centrum,Feiras de rua,grátis,"Mercado de pulgas e usados, seg a sáb",,
boekenmarkt-spui-feiras,Boekenmarkt Spui,"Spui, Amsterdam",Centrum,Feiras de rua,grátis,Livros usados às sextas,,
bloemenmarkt-feiras,Bloemenmarkt,"Bloemenmarkt, Singel, Amsterdam",Centrum,Feiras de rua,grátis,Flores e bulbos no Singel,,
cafe-hoppe-bares,Café Hoppe,"Café Hoppe, Spui, Amsterdam",Centrum,Bares,€€,Brown café histórico,,
in-t-aepjen-bares,In 't Aepjen,"In 't Aepjen, Zeedijk, Amsterdam",Centrum,Bares,€€,Num dos últimos prédios de madeira da cidade,,
wynand-fockink-bares,Wynand Fockink,"Wynand Fockink, Pijlsteeg, Amsterdam",Centrum,Bares,€€,Degustação de genever e licores,,
paradiso-baladas,Paradiso,"Paradiso, Weteringschans, Amsterdam",Centrum,Baladas e shows,€€,Igreja convertida em casa de shows e pista,,
melkweg-baladas,Melkweg,"Melkweg, Lijnbaansgracht, Amsterdam",Centrum,Baladas e shows,€€,Shows e festas no Leidseplein,,
club-air-baladas,Club AIR,"Club AIR, Amstelstraat, Amsterdam",Centrum,Baladas e shows,€€,Eletrônica,,
grey-area-coffeeshops,Grey Area,"Grey Area coffeeshop, Oude Leliestraat, Amsterdam",Centrum,Coffeeshops,€€,Pequeno e muito conceituado. Fumar na rua é proibido no De Wallen,,
dampkring-coffeeshops,Dampkring,"Dampkring coffeeshop, Handboogstraat, Amsterdam",Centrum,Coffeeshops,€€,Clássico perto do Spui,,
winkel-43-gastronomia,Winkel 43,"Winkel 43, Noordermarkt, Amsterdam",Jordaan,Gastronomia e cafés,€,A appeltaart mais famosa da cidade,,
moeders-gastronomia,Moeders,"Moeders, Rozengracht, Amsterdam",Jordaan,Gastronomia e cafés,€€,Comida caseira holandesa,,
toscanini-gastronomia,Toscanini,"Toscanini, Lindengracht, Amsterdam",Jordaan,Gastronomia e cafés,€€€,Italiano clássico,,
marnixbad-esporte,Marnixbad,"Marnixbad, Marnixplein, Amsterdam",Jordaan,Esporte,€,Piscina pública coberta,,
haarlemmerdijk-lojas,Haarlemmerdijk,"Haarlemmerdijk, Amsterdam",Jordaan,Lojas e design,€€,"Lojas independentes, delis e design",,
moooi-brand-store-lojas,Moooi Brand Store,"Moooi Brand Store, Westerstraat, Amsterdam",Jordaan,Lojas e design,€€€,Design holandês,,
noordermarkt-feiras,Noordermarkt,"Noordermarkt, Amsterdam",Jordaan,Feiras de rua,grátis,"Orgânicos aos sábados, segunda mão às segundas",,
lindengracht-markt-feiras,Lindengracht markt,"Lindengracht, Amsterdam",Jordaan,Feiras de rua,grátis,Feira de rua aos sábados,,
westerstraat-markt-feiras,Westerstraat markt,"Westerstraat, Amsterdam",Jordaan,Feiras de rua,grátis,Tecidos e roupas às segundas,,
cafe-t-smalle-bares,Café 't Smalle,"Café 't Smalle, Egelantiersgracht, Amsterdam",Jordaan,Bares,€€,Terraço à beira do canal,,
cafe-papeneiland-bares,Café Papeneiland,"Café Papeneiland, Prinsengracht, Amsterdam",Jordaan,Bares,€€,Brown café secular,,
cafe-chris-bares,Café Chris,"Café Chris, Bloemstraat, Amsterdam",Jordaan,Bares,€€,Um dos bares mais antigos da cidade,,
paradox-coffeeshops,Paradox,"Paradox coffeeshop, Eerste Bloemdwarsstraat, Amsterdam",Jordaan,Coffeeshops,€€,"Tranquilo, com café da manhã",,
westerpark-parques,Westerpark,"Westerpark, Amsterdam",Westerpark,Parques e dog-friendly,grátis,Gramados e lagos; confira as placas de área de soltura para cães,,
cafe-restaurant-amsterdam-gastronomia,Café-Restaurant Amsterdam,"Café-Restaurant Amsterdam, Watertorenplein, Amsterdam",Westerpark,Gastronomia e cafés,€€,Numa antiga estação de bombeamento de água,,
mossel-gin-gastronomia,Mossel & Gin,"Mossel & Gin, Westergas, Amsterdam",Westerpark,Gastronomia e cafés,€€,Mexilhões e gin,,
sunday-market-feiras,Sunday Market,"Westergas, Amsterdam",Westerpark,Feiras de rua,grátis,"Design e comida, em geral no 1º domingo do mês",,
brouwerij-troost-westergas-bares,Brouwerij Troost Westergas,"Brouwerij Troost Westergas, Amsterdam",Westerpark,Bares,€€,Cervejaria artesanal,,
ton-ton-club-west-bares,Ton Ton Club West,"Ton Ton Club West, Westergas, Amsterdam",Westerpark,Bares,€€,Bar com fliperamas e jogos,,
westerunie-baladas,WesterUnie,"WesterUnie, Westergas, Amsterdam",Westerpark,Baladas e shows,€€,Noites de eletrônica,,
foodhallen-gastronomia,Foodhallen,"Foodhallen, Bellamyplein, Amsterdam",Oud-West,Gastronomia e cafés,€€,Food hall num antigo depósito de bondes,,
lot-sixty-one-gastronomia,Lot Sixty One,"Lot Sixty One Coffee Roasters, Kinkerstraat, Amsterdam",Oud-West,Gastronomia e cafés,€,Café de especialidade com torra própria,,
staring-at-jacob-gastronomia,Staring at Jacob,"Staring at Jacob, Amsterdam",Oud-West,Gastronomia e cafés,€€,Brunch concorrido,,
de-hallen-lojas,De Hallen,"De Hallen, Hannie Dankbaarpassage, Amsterdam",Oud-West,Lojas e design,€€,"Lojas, cinema e oficinas",,
kinkerstraat-lojas,Kinkerstraat,"Kinkerstraat, Amsterdam",Oud-West,Lojas e design,€,Comércio de bairro,,
ten-katemarkt-feiras,Ten Katemarkt,"Ten Katemarkt, Amsterdam",Oud-West,Feiras de rua,grátis,"Feira diária, mais local que a Albert Cuyp",,
waterkant-bares,Waterkant,"Waterkant, Marnixstraat, Amsterdam",Oud-West,Bares,€€,Bar surinamês à beira do canal,,
bar-baarsjes-bares,Bar Baarsjes,"Bar Baarsjes, Amsterdam",Oud-West,Bares,€€,Bistrô-bar de bairro,,
ct-coffee-coconuts-gastronomia,CT Coffee & Coconuts,"CT Coffee & Coconuts, Ceintuurbaan, Amsterdam",De Pijp,Gastronomia e cafés,€€,Brunch num antigo cinema,,
bakers-roasters-gastronomia,Bakers & Roasters,"Bakers & Roasters, Eerste Jacob van Campenstraat, Amsterdam",De Pijp,Gastronomia e cafés,€€,Brunch farto,,
scandinavian-embassy-gastronomia,Scandinavian Embassy,"Scandinavian Embassy, Sarphatipark, Amsterdam",De Pijp,Gastronomia e cafés,€,Café de especialidade,,
sarphatipark-parques,Sarphatipark,"Sarphatipark, Amsterdam",De Pijp,Parques e dog-friendly,grátis,Pequeno e charmoso; volta curta com o Jorge,,
gerard-doustraat-lojas,Gerard Doustraat,"Gerard Doustraat, Amsterdam",De Pijp,Lojas e design,€€,Lojinhas e delis,,
albert-cuypmarkt-feiras,Albert Cuypmarkt,"Albert Cuypmarkt, Amsterdam",De Pijp,Feiras de rua,grátis,"A maior feira de rua da cidade, seg a sáb; stroopwafel na hora",,
brouwerij-troost-de-pijp-bares,Brouwerij Troost De Pijp,"Brouwerij Troost, Cornelis Troostplein, Amsterdam",De Pijp,Bares,€€,Cervejaria,,
gollem-s-proeflokaal-bares,Gollem's Proeflokaal,"Gollem's Proeflokaal, Daniel Stalpertstraat, Amsterdam",De Pijp,Bares,€€,Centenas de cervejas belgas,,
vondelpark-parques,Vondelpark,"Vondelpark, Amsterdam",Oud-Zuid,Parques e dog-friendly,grátis,"Parque central; cães permitidos, com trechos de soltura sinalizados",,
volta-do-vondelpark-esporte,Volta do Vondelpark,"Vondelpark, Amsterdam",Oud-Zuid,Esporte,grátis,Corrida de cerca de 3 km,,
zuiderbad-esporte,Zuiderbad,"Zuiderbad, Hobbemastraat, Amsterdam",Oud-Zuid,Esporte,€,Piscina histórica ao lado do Rijksmuseum,,
olympisch-stadion-esporte,Olympisch Stadion,"Olympisch Stadion, Amsterdam",Oud-Zuid,Esporte,€,"Estádio de 1928, base de corridas e eventos",,
cafe-loetje-gastronomia,Café Loetje,"Café Loetje, Johannes Vermeerstraat, Amsterdam",Oud-Zuid,Gastronomia e cafés,€€,O famoso bife com molho,,
groot-melkhuis-gastronomia,Groot Melkhuis,"Groot Melkhuis, Vondelpark, Amsterdam",Oud-Zuid,Gastronomia e cafés,€,Café no meio do Vondelpark,,
p-c-hooftstraat-lojas,P.C. Hooftstraat,"P.C. Hooftstraat, Amsterdam",Oud-Zuid,Lojas e design,€€€,Marcas de luxo,,
cornelis-schuytstraat-lojas,Cornelis Schuytstraat,"Cornelis Schuytstraat, Amsterdam",Oud-Zuid,Lojas e design,€€€,Boutiques e delis,,
cafe-wildschut-bares,Café Wildschut,"Café Wildschut, Roelof Hartplein, Amsterdam",Oud-Zuid,Bares,€€,Art déco com terraço grande,,
t-blauwe-theehuis-bares,'t Blauwe Theehuis,"'t Blauwe Theehuis, Vondelpark, Amsterdam",Oud-Zuid,Bares,€€,Terraço no meio do parque,,
oosterpark-parques,Oosterpark,"Oosterpark, Amsterdam",Oost,Parques e dog-friendly,grátis,Amplo e movimentado,,
park-frankendael-parques,Park Frankendael,"Park Frankendael, Amsterdam",Oost,Parques e dog-friendly,grátis,Jardins de uma antiga propriedade,,
flevopark-parques,Flevopark,"Flevopark, Amsterdam",Oost,Parques e dog-friendly,grátis,Mais selvagem; bom para o Jorge,,
jaap-edenbaan-esporte,Jaap Edenbaan,"Jaap Edenbaan, Amsterdam",Oost,Esporte,€,Patinação no gelo ao ar livre no inverno,,
sportpark-middenmeer-esporte,Sportpark Middenmeer,"Sportpark Middenmeer, Amsterdam",Oost,Esporte,€,"Futebol, hóquei e atletismo",,
de-kas-gastronomia,De Kas,"Restaurant De Kas, Kamerlingh Onneslaan, Amsterdam",Oost,Gastronomia e cafés,€€€,Restaurante numa estufa (reserve),,
javastraat-lojas,Javastraat,"Javastraat, Amsterdam",Oost,Lojas e design,€,Concept stores e lojas multiculturais,,
dappermarkt-feiras,Dappermarkt,"Dappermarkt, Amsterdam",Oost,Feiras de rua,grátis,"Feira diária multicultural, seg a sáb",,
pure-markt-frankendael-feiras,Pure Markt Frankendael,"Park Frankendael, Amsterdam",Oost,Feiras de rua,grátis,Produtores locais aos domingos; confira a agenda,,
brouwerij-t-ij-bares,Brouwerij 't IJ,"Brouwerij 't IJ, Funenkade, Amsterdam",Oost,Bares,€€,Cervejaria ao pé do moinho De Gooyer,,
cafe-hesp-bares,Café Hesp,"Café Hesp, Weesperzijde, Amsterdam",Oost,Bares,€€,Brown café à beira do Amstel,,
bar-bukowski-bares,Bar Bukowski,"Bar Bukowski, Oosterpark, Amsterdam",Oost,Bares,€€,Perto do Oosterpark,,
canvas-baladas,Canvas,"Canvas, Volkshotel, Wibautstraat, Amsterdam",Oost,Baladas e shows,€€,Bar e pista no topo do Volkshotel,,
java-eiland-parques,Java-eiland,"Java-eiland, Amsterdam",Oostelijke Eilanden,Parques e dog-friendly,grátis,Cais e passeios à beira d'água,,
knsm-eiland-parques,KNSM-eiland,"KNSM-eiland, Amsterdam",Oostelijke Eilanden,Parques e dog-friendly,grátis,Caminhada ao longo das docas,,
marineterrein-esporte,Marineterrein,"Marineterrein, Amsterdam",Oostelijke Eilanden,Esporte,grátis,Ponto popular para nadar no canal no verão,,
hannekes-boom-bares,Hannekes Boom,"Hannekes Boom, Dijksgracht, Amsterdam",Oostelijke Eilanden,Bares,€€,"Terraço à beira d'água, comida simples",,
bimhuis-baladas,Bimhuis,"Bimhuis, Piet Heinkade, Amsterdam",Oostelijke Eilanden,Baladas e shows,€€,Jazz e música improvisada,,
muziekgebouw-aan-t-ij-baladas,Muziekgebouw aan 't IJ,"Muziekgebouw aan 't IJ, Piet Heinkade, Amsterdam",Oostelijke Eilanden,Baladas e shows,€€,Música contemporânea,,
cafe-de-ceuvel-gastronomia,Café de Ceuvel,"Café de Ceuvel, Korte Papaverweg, Amsterdam",Noord,Gastronomia e cafés,€€,Café sustentável entre barcos-escritório,,
hotel-de-goudfazant-gastronomia,Hotel de Goudfazant,"Hotel de Goudfazant, Aambeeldstraat, Amsterdam",Noord,Gastronomia e cafés,€€€,Restaurante num galpão industrial,,
noorderpark-parques,Noorderpark,"Noorderpark, Amsterdam",Noord,Parques e dog-friendly,grátis,"Reformado, com piscina ao ar livre",,
vliegenbos-parques,Vliegenbos,"Vliegenbos, Amsterdam",Noord,Parques e dog-friendly,grátis,Bosque; bom para passear com o Jorge,,
noorderparkbad-esporte,Noorderparkbad,"Noorderparkbad, Amsterdam",Noord,Esporte,€,Piscina ao ar livre no verão,,
ndsm-werf-lojas,NDSM-werf,"NDSM-werf, Amsterdam",Noord,Lojas e design,grátis,Arte de rua e ateliês no antigo estaleiro,,
ij-hallen-feiras,IJ-Hallen,"IJ-Hallen, NDSM, Amsterdam",Noord,Feiras de rua,€,"Uma das maiores feiras de pulgas da Europa; entrada paga, datas no site",,
pllek-bares,Pllek,"Pllek, NDSM, Amsterdam",Noord,Bares,€€,Beach bar com vista para o IJ,,
oedipus-brewing-bares,Oedipus Brewing,"Oedipus Brewing, Gedempt Hamerkanaal, Amsterdam",Noord,Bares,€€,Cervejaria com taproom,,
shelter-baladas,Shelter,"Shelter, A'DAM Toren, Amsterdam",Noord,Baladas e shows,€€,Clube no subsolo da A'DAM Toren,,
garage-noord-baladas,Garage Noord,"Garage Noord, Amsterdam",Noord,Baladas e shows,€€,Eletrônica e festas,,
sloterpark-parques,Sloterpark,"Sloterpark, Amsterdam",Nieuw-West,Parques e dog-friendly,grátis,Ao redor do lago Sloterplas; ótimo para o Jorge,,
rembrandtpark-parques,Rembrandtpark,"Rembrandtpark, Amsterdam",Nieuw-West,Parques e dog-friendly,grátis,Na divisa com Oud-West,,
sloterparkbad-esporte,Sloterparkbad,"Sloterparkbad, Amsterdam",Nieuw-West,Esporte,€,Piscina coberta e ao ar livre,,
sloterplas-esporte,Sloterplas,"Sloterplas, Amsterdam",Nieuw-West,Esporte,grátis,Volta de corrida e natação no lago no verão,,
plein-40-45-markt-feiras,Plein '40-'45 markt,"Plein '40-'45, Amsterdam",Nieuw-West,Feiras de rua,grátis,"Feira multicultural, comida marroquina, turca e surinamesa; confira os dias",,
radion-baladas,Radion,"Radion, Louwesweg, Amsterdam",Nieuw-West,Baladas e shows,€€,Clube de eletrônica num antigo prédio escolar,,
amsterdamse-bos-parques,Amsterdamse Bos,"Amsterdamse Bos, Amstelveen",Zuidas / Amstelveen,Parques e dog-friendly,grátis,Floresta enorme com grandes áreas para cães soltos,,
amstelpark-parques,Amstelpark,"Amstelpark, Amsterdam",Zuidas / Amstelveen,Parques e dog-friendly,grátis,Jardins e roseiral,,
beatrixpark-parques,Beatrixpark,"Beatrixpark, Amsterdam",Zuidas / Amstelveen,Parques e dog-friendly,grátis,"Tranquilo, ao lado do Zuidas",,
bosbaan-esporte,Bosbaan,"Bosbaan, Amsterdamse Bos, Amstelveen",Zuidas / Amstelveen,Esporte,grátis,"Raia olímpica de remo, com trilhas de corrida",,
stadshart-amstelveen-lojas,Stadshart Amstelveen,Stadshart Amstelveen,Zuidas / Amstelveen,Lojas e design,€€,Centro comercial a céu aberto; mercados japoneses e indianos na região,,
johan-cruijff-arena-esporte,Johan Cruijff ArenA,"Johan Cruijff ArenA, Amsterdam",Zuidoost,Esporte,€€€,Estádio do Ajax,,
gaasperplas-esporte,Gaasperplas,"Gaasperplas, Amsterdam",Zuidoost,Esporte,grátis,"Lago para nadar, velejar e remar",,
gaasperpark-parques,Gaasperpark,"Gaasperpark, Amsterdam",Zuidoost,Parques e dog-friendly,grátis,"Grande, com trilhas; bom para o Jorge",,
bijlmerpark-parques,Bijlmerpark,"Bijlmerpark, Amsterdam",Zuidoost,Parques e dog-friendly,grátis,Parque do bairro,,
amsterdamse-poort-gastronomia,Amsterdamse Poort,"Amsterdamse Poort, Amsterdam",Zuidoost,Gastronomia e cafés,€,Comida surinamesa e ganesa no entorno,,
kwakoe-feiras,Kwakoe,"Bijlmerpark, Amsterdam",Zuidoost,Feiras de rua,grátis,Festival de verão com comida e música,,
ziggo-dome-baladas,Ziggo Dome,"Ziggo Dome, Amsterdam",Zuidoost,Baladas e shows,€€€,Grandes shows,,
afas-live-baladas,AFAS Live,"AFAS Live, Amsterdam",Zuidoost,Baladas e shows,€€,Shows de médio e grande porte,,
canvas-gastronomia,Canvas,"Canvas, Volkshotel, Wibautstraat, Amsterdam",Oost,Gastronomia e cafés,€€,7º andar do Volkshotel; café da manhã com vista e terraço,,
baut-oost-gastronomia,BAUT Oost,"BAUT Oost, Wibautstraat, Amsterdam",Oost,Gastronomia e cafés,€€,"Casual e caprichado, interior industrial",,
loulou-pizzabar-gastronomia,Loulou Pizzabar,"Loulou Pizzabar, Weesperzijde, Amsterdam",Oost,Gastronomia e cafés,€€,Pizza com terraço para o Amstel,,
roopram-roti-gastronomia,Roopram Roti,"Roopram Roti, Eerste van Swindenstraat, Amsterdam",Oost,Gastronomia e cafés,€,"Roti surinamês no balcão, clássico",,
hartog-s-volkorenbakkerij-gastronomia,Hartog's Volkorenbakkerij,"Hartog's Volkorenbakkerij, Wibautstraat, Amsterdam",Oost,Gastronomia e cafés,€,Padaria de integrais com moinho próprio,,
caffe-milo-gastronomia,Caffe Milo,"Caffe Milo, Oosterpark, Amsterdam",Oost,Gastronomia e cafés,€,"Café na esquina do Oosterpark, aberto o dia todo",,
wereldmuseum-amsterdam-museus,Wereldmuseum Amsterdam,"Wereldmuseum Amsterdam, Linnaeusstraat, Amsterdam",Oost,Museus,€€,"Culturas do mundo, ao lado do Oosterpark",,
rijksmuseum-museus,Rijksmuseum,"Rijksmuseum, Amsterdam",Oud-Zuid,Museus,€€,"Rembrandt, Vermeer e a Idade de Ouro holandesa",,
van-gogh-museum-museus,Van Gogh Museum,"Van Gogh Museum, Amsterdam",Oud-Zuid,Museus,€€,Maior acervo de Van Gogh; ingresso com horário,,
stedelijk-museum-museus,Stedelijk Museum,Stedelijk Museum Amsterdam,Oud-Zuid,Museus,€€,Arte moderna e design,,
moco-museum-museus,Moco Museum,"Moco Museum, Museumplein, Amsterdam",Oud-Zuid,Museus,€€,Arte contemporânea e street art,,
foam-museus,Foam,"Foam Fotografiemuseum, Keizersgracht, Amsterdam",Oud-Zuid,Museus,€€,Fotografia,,
rembrandthuis-museus,Rembrandthuis,"Museum Het Rembrandthuis, Jodenbreestraat, Amsterdam",Centrum,Museus,€€,Casa e ateliê de Rembrandt,,
ons-lieve-heer-op-solder-museus,Ons' Lieve Heer op Solder,"Museum Ons' Lieve Heer op Solder, Oudezijds Voorburgwal, Amsterdam",Centrum,Museus,€€,Igreja clandestina no sótão de uma casa de canal,,
museum-van-loon-museus,Museum Van Loon,"Museum Van Loon, Keizersgracht, Amsterdam",Centrum,Museus,€€,"Casa de canal com jardim, mobiliada",,
h-art-museum-museus,H'ART Museum,"H'ART Museum, Amstel, Amsterdam",Centrum,Museus,€€,Grandes exposições temporárias às margens do Amstel,,
artis-e-micropia-museus,Artis e Micropia,"Artis, Plantage Kerklaan, Amsterdam",Centrum,Museus,€€,Zoológico histórico e museu de micróbios (Plantage),,
herengracht-canais,Herengracht,"Herengracht, Amsterdam",Centrum,Canais e pontes,grátis,O canal dos ricos; trecho da Curva de Ouro,,
keizersgracht-canais,Keizersgracht,"Keizersgracht, Amsterdam",Centrum,Canais e pontes,grátis,O mais largo dos três canais principais,,
prinsengracht-canais,Prinsengracht,"Prinsengracht, Amsterdam",Centrum,Canais e pontes,grátis,"O mais animado, com casas-barco e cafés",,
singel-canais,Singel,"Singel, Amsterdam",Centrum,Canais e pontes,grátis,O canal mais interno do anel,,
reguliersgracht-canais,Reguliersgracht,"Reguliersgracht, Amsterdam",Centrum,Canais e pontes,grátis,Na esquina com a Herengracht dá para ver uma fileira de pontes,,
leidsegracht-canais,Leidsegracht,"Leidsegracht, Amsterdam",Centrum,Canais e pontes,grátis,"Curto e tranquilo, perto do Leidseplein",,
groenburgwal-canais,Groenburgwal,"Groenburgwal, Amsterdam",Centrum,Canais e pontes,grátis,Vista clássica para a Zuiderkerk,,
magere-brug-canais,Magere Brug,"Magere Brug, Amsterdam",Centrum,Canais e pontes,grátis,"Ponte levadiça sobre o Amstel, iluminada à noite",,
oudezijds-voorburgwal-canais,Oudezijds Voorburgwal,"Oudezijds Voorburgwal, Amsterdam",Centrum,Canais e pontes,grátis,Canal medieval do centro antigo,,
anne-frank-huis-museus,Anne Frank Huis,"Anne Frank Huis, Prinsengracht, Amsterdam",Jordaan,Museus,€€,"Ingressos só online, esgotam cedo",,
brouwersgracht-canais,Brouwersgracht,"Brouwersgracht, Amsterdam",Jordaan,Canais e pontes,grátis,Considerado um dos canais mais bonitos,,
egelantiersgracht-canais,Egelantiersgracht,"Egelantiersgracht, Amsterdam",Jordaan,Canais e pontes,grátis,Estreito e fotogênico,,
bloemgracht-canais,Bloemgracht,"Bloemgracht, Amsterdam",Jordaan,Canais e pontes,grátis,Casas com fachadas em degrau,,
museum-het-schip-museus,Museum Het Schip,"Museum Het Schip, Oostzaanstraat, Amsterdam",Westerpark,Museus,€€,Arquitetura da Escola de Amsterdam,,
eye-filmmuseum-museus,Eye Filmmuseum,"Eye Filmmuseum, IJpromenade, Amsterdam",Noord,Museus,€€,"Cinema e exposições, com terraço no IJ",,
straat-museum-museus,STRAAT Museum,"STRAAT Museum, NDSM, Amsterdam",Noord,Museus,€€,Street art num galpão do antigo estaleiro,,
nemo-science-museum-museus,NEMO Science Museum,"NEMO Science Museum, Oosterdok, Amsterdam",Oostelijke Eilanden,Museus,€€,Ciência interativa; terraço gratuito no topo,,
het-scheepvaartmuseum-museus,Het Scheepvaartmuseum,"Het Scheepvaartmuseum, Kattenburgerplein, Amsterdam",Oostelijke Eilanden,Museus,€€,Museu marítimo com réplica de navio,,
